part_id,placements,rotated,share
004659a,13,13,1.0
1-4cyli,1489,1489,1.0
1-4disc,286,284,0.993
1-4edge,2252,2249,0.999
10187,13,13,1.0
10197,177,161,0.91
10201,14,9,0.643
10202,48,41,0.854
10247,140,114,0.814
10314,53,51,0.962
10928,188,175,0.931
11090,184,177,0.962
11153,14,12,0.857
11203,225,190,0.844
11211,663,475,0.716
11212,384,195,0.508
11213,43,24,0.558
11214,1684,1558,0.925
11215,128,93,0.727
11253,53,51,0.962
11303,13,1,0.077
11455,12,12,1.0
11458,232,194,0.836
11476,270,216,0.8
11477,1455,1178,0.81
11478,513,496,0.967
11609,13,11,0.846
11610,52,47,0.904
11833,31,18,0.581
11946,254,244,0.961
11947,254,242,0.953
11950,23,23,1.0
11953,12,12,1.0
11954,98,91,0.929
122c01,186,127,0.683
122c02,18,13,0.722
12825,75,55,0.733
12939,17,11,0.647
13547,52,35,0.673
13548,49,37,0.755
13564,14,13,0.929
13731,15,13,0.867
13965,126,96,0.762
14413,26,22,0.846
14417,135,127,0.941
14418,68,47,0.691
14419,27,12,0.444
14696,30,30,1.0
14704,122,98,0.803
14716,142,70,0.493
14718,61,45,0.738
14719,473,391,0.827
14720,142,134,0.944
14769,111,86,0.775
15,32,10,0.312
15038,38,37,0.974
15068,1273,1066,0.837
15068p07,28,28,1.0
15070,122,85,0.697
15092,12,12,1.0
15100,1154,1125,0.975
15207,91,82,0.901
15208,61,48,0.787
15254,36,23,0.639
15279,15,14,0.933
15303,22,11,0.5
15332,38,29,0.763
15379,116,116,1.0
15395,47,33,0.702
15397,30,20,0.667
15400,13,6,0.462
15413,71,68,0.958
15458,299,259,0.866
15459,41,41,1.0
15460,15,11,0.733
15461,116,103,0.888
15462,364,341,0.937
15470,58,29,0.5
15533,125,88,0.704
15535,224,165,0.737
15571,29,23,0.793
15573,2172,1502,0.692
15672,363,215,0.592
15706,38,35,0.921
15712,827,642,0.776
16091,23,20,0.87
165,332,329,0.991
16577,13,10,0.769
166,14521,14521,1.0
16770,23,22,0.957
17,24,6,0.25
17485,86,53,0.616
18575,92,81,0.88
18646,16,5,0.312
18649,94,79,0.84
18651,914,846,0.926
18653,65,42,0.646
18654,1304,1257,0.964
18671,61,45,0.738
18674,180,103,0.572
18677,302,262,0.868
18759,16,5,0.312
18910,13,11,0.846
18938,13,12,0.923
18939,22,16,0.727
18940,17,16,0.941
18942,18,17,0.944
18944,87,71,0.816
18945,94,92,0.979
18946,215,197,0.916
18947,65,59,0.908
18948,143,124,0.867
18974,16,14,0.875
18975,12,5,0.417
18976,14,11,0.786
18977,15,12,0.8
18980,41,28,0.683
19119,14,7,0.5
19121,19,15,0.789
2-4cyli,1117,1117,1.0
2-4edge,2063,2063,1.0
2-4ndis,1520,1516,0.997
20310,20,16,0.8
2039,23,15,0.652
2040,14,12,0.857
20482,345,265,0.768
208,22,16,0.727
209,169,162,0.959
21229,15,11,0.733
22385,142,45,0.317
22388,53,20,0.377
22484,23,23,1.0
22667,33,32,0.97
22885,1441,1123,0.779
22888,30,20,0.667
22890,34,23,0.676
22961,361,351,0.972
22977,16,16,1.0
2335,142,134,0.944
2339,191,118,0.618
2340,99,40,0.404
2341,41,32,0.78
2342,25,19,0.76
2343,137,75,0.547
23443,112,111,0.991
2345,52,36,0.692
2346,136,125,0.919
2348b,50,37,0.74
2349a,53,37,0.698
2356,16,13,0.812
2357,1797,1364,0.759
2362a,52,37,0.712
2362b,128,99,0.773
2376,20,14,0.7
2377,108,76,0.704
23799,12,12,1.0
23816c02,18,17,0.944
23948,75,69,0.92
23950,73,70,0.959
23969,36,27,0.75
2397,19,13,0.684
2399,26,22,0.846
2401,32,23,0.719
24116,116,111,0.957
24118,13,8,0.615
24119,107,101,0.944
24122,19,19,1.0
2412a,192,185,0.964
2412b,4857,3823,0.787
2413,68,49,0.721
2415,23,16,0.696
2417,270,253,0.937
2418a,20,16,0.8
2419,215,121,0.563
2420,4003,3126,0.781
24201,209,168,0.804
2421,43,43,1.0
2422,16,14,0.875
2423,130,116,0.892
24246,153,130,0.85
2429,857,759,0.886
24299,90,65,0.722
2429c01,27,21,0.778
2430,857,741,0.865
24307,97,77,0.794
24309,85,58,0.682
2431,4489,3344,0.745
24316,450,414,0.92
2431p02,18,13,0.722
2432,514,373,0.726
2433,80,69,0.863
2434,46,37,0.804
2435,18,3,0.167
2436a,735,507,0.69
2436b,165,126,0.764
2437,59,28,0.475
2439,23,16,0.696
2440,12,11,0.917
2441,30,12,0.4
2444,373,290,0.777
2445,783,559,0.714
2446,224,41,0.183
2447,201,79,0.393
24482,28,26,0.929
2449,187,158,0.845
2450,480,352,0.733
24505,17,17,1.0
2452,104,78,0.75
2453,92,42,0.457
2453a,133,99,0.744
2453b,51,38,0.745
2454,405,308,0.76
2454a,20,14,0.7
2454b,27,20,0.741
2456,601,390,0.649
2458,551,425,0.771
2460,136,85,0.625
2462,84,63,0.75
2463,14,8,0.571
2465,485,338,0.697
2466,90,71,0.789
2468,20,13,0.65
2470,20,18,0.9
2476a,99,61,0.616
2476b,36,26,0.722
2479,39,28,0.718
2483,16,12,0.75
2484c01,15,11,0.733
24855,16,12,0.75
2486,59,39,0.661
24866,307,196,0.638
2488,13,13,1.0
2489,64,31,0.484
2493a,30,16,0.533
2493b,51,22,0.431
2494,39,15,0.385
2494d01,38,28,0.737
2495c01,13,6,0.462
2496,37,32,0.865
2498,33,31,0.939
2507,26,4,0.154
2508,28,16,0.571
2515a,14,14,1.0
2516,20,20,1.0
2518,32,30,0.938
25214,238,221,0.929
2524,17,5,0.294
25269,701,622,0.887
2530,35,33,0.943
2536,45,17,0.378
2540,891,656,0.736
2542,16,16,1.0
2543,16,12,0.75
2546,16,11,0.688
2555,1059,890,0.84
2566,21,15,0.714
2569,166,116,0.699
2571,32,18,0.562
2572,12,3,0.25
2577,48,36,0.75
2579,14,4,0.286
2580,14,4,0.286
2582,56,44,0.786
2583,13,5,0.385
2584,38,27,0.711
2585,45,37,0.822
2587,13,2,0.154
2593,32,30,0.938
2599,24,22,0.917
26047,157,118,0.752
2607,24,18,0.75
2609a,16,7,0.438
2610,43,13,0.302
2617,14,13,0.929
2625,40,15,0.375
2626,20,7,0.35
26287,245,217,0.886
2637,34,34,1.0
2639,117,94,0.803
2653,125,108,0.864
2654,589,374,0.635
2654a,214,173,0.808
2655,23,19,0.826
26601,232,177,0.763
26603,406,306,0.754
26604,212,151,0.712
2670,13,9,0.692
2672,16,12,0.75
2681,47,29,0.617
2682a,25,22,0.88
2695,29,27,0.931
2696,27,25,0.926
2700,36,36,1.0
2701,36,36,1.0
2702,18,17,0.944
2704,18,13,0.722
2705,36,36,1.0
2706,18,14,0.778
2711,78,71,0.91
2714,13,12,0.923
2717,39,2,0.051
2719,39,8,0.205
2723,69,58,0.841
27261,17,9,0.529
27263,191,146,0.764
2730,377,309,0.82
2736,225,220,0.978
2738,29,27,0.931
2739a,109,107,0.982
2741,22,22,1.0
2743,87,85,0.977
2744,120,116,0.967
27507,86,70,0.814
2780,22550,18590,0.824
27925,200,165,0.825
27938,13,12,0.923
27940,129,118,0.915
2795,15,12,0.8
2815,28,25,0.893
2817,209,133,0.636
2819,95,87,0.916
28192,46,37,0.804
2823,18,9,0.5
2825,447,440,0.984
28326,12,11,0.917
2850,19,19,1.0
2850a,153,46,0.301
2850b,86,68,0.791
2851,335,290,0.866
2852,345,320,0.928
2853,205,188,0.917
2854,137,123,0.898
2857,28,24,0.857
28588,15,15,1.0
2865,29,9,0.31
28653,53,33,0.623
2867,96,96,1.0
2871a,14,13,0.929
2873,47,47,1.0
2875,91,49,0.538
2876,13,11,0.846
2877,1984,1476,0.744
2878,58,46,0.793
2878c01,68,65,0.956
2878c02,63,26,0.413
28802,85,58,0.682
2900,23,23,1.0
2905,247,239,0.968
2909,14,2,0.143
2910,14,2,0.143
29119,169,144,0.852
29120,169,143,0.846
2919,12,12,1.0
2920,99,81,0.818
2921,441,313,0.71
2923,48,44,0.917
2926,81,56,0.691
2927,22,16,0.727
2941,12,8,0.667
2959,19,19,1.0
2959c01,84,62,0.738
2989,18,13,0.722
2994,22,20,0.909
30000,79,50,0.633
30008,39,26,0.667
3001,2189,1527,0.698
30010,16,13,0.812
3002,1364,983,0.721
30027a,198,180,0.909
30027b,18,18,1.0
30028,239,84,0.351
3003,2671,1399,0.524
30031,68,57,0.838
30033,15,12,0.8
30039,287,263,0.916
3004,11926,8475,0.711
30043,24,18,0.75
30044,70,53,0.757
30046,37,30,0.811
3004p06,42,34,0.81
3004p90,21,14,0.667
3005,9288,5842,0.629
30055,88,64,0.727
30057,16,10,0.625
3006,164,120,0.732
30068,18,7,0.389
30069,22,16,0.727
3007,363,243,0.669
30071,20,11,0.55
3008,2474,1649,0.667
3009,3880,2741,0.706
30093,23,21,0.913
30099,55,32,0.582
3010,5991,4222,0.705
30104k01,44,33,0.75
30104k02,351,351,1.0
3010p04,33,23,0.697
30115,12,11,0.917
30126,15,12,0.8
30132,56,55,0.982
30133,23,13,0.565
30134,32,17,0.531
30135,12,6,0.5
30136,1140,817,0.717
30137,279,217,0.778
30140,27,12,0.444
30141,46,42,0.913
30145,36,19,0.528
30150,14,9,0.643
30153,91,77,0.846
30157,48,32,0.667
30162,122,71,0.582
30165,110,96,0.873
30171,12,5,0.417
30176,48,42,0.875
30179,17,10,0.588
30194,12,11,0.917
3020,7017,4812,0.686
3021,5590,3902,0.698
3022,5882,3306,0.562
30229,25,25,1.0
3023,21788,15292,0.702
30236,140,119,0.85
30237,109,77,0.706
3023b,181,114,0.63
3024,12273,8130,0.662
30244,382,322,0.843
30249,24,5,0.208
30258,23,18,0.783
30259,20,19,0.95
3026,24,9,0.375
3027,196,107,0.546
3028,237,154,0.65
30283,15,12,0.8
30285,14,14,1.0
3029,407,234,0.575
30292a,15,15,1.0
3030,449,261,0.581
3031,1207,559,0.463
3032,1093,721,0.66
3033,393,233,0.593
3034,2311,1568,0.678
30340,25,22,0.88
3035,760,503,0.662
30350a,26,20,0.769
30350b,31,28,0.903
30355,98,61,0.622
30356,97,46,0.474
30357,308,229,0.744
30359a,31,24,0.774
30359b,18,12,0.667
3036,458,281,0.614
30360,38,11,0.289
30361d,26,22,0.846
30362,12,12,1.0
30363,224,157,0.701
30364,81,66,0.815
30365,132,94,0.712
30367a,51,44,0.863
30367b,57,39,0.684
30367c,90,69,0.767
3037,1256,941,0.749
30374,696,588,0.845
30375,28,26,0.929
30377,246,234,0.951
3038,472,309,0.655
30383,207,169,0.816
30385,15,12,0.8
30386,35,32,0.914
30387,12,12,1.0
3039,1845,1308,0.709
30391,70,66,0.943
30395,44,41,0.932
3039p05,17,7,0.412
3039p23,44,31,0.705
3039p34,61,41,0.672
3039pc4,16,14,0.875
3039pc5,17,16,0.941
3039pc6,12,9,0.75
30407,15,13,0.867
3040a,162,122,0.753
3040b,2916,1961,0.672
3040p32,24,17,0.708
3040p33,18,17,0.944
3041,86,63,0.733
30413,180,139,0.772
30414,838,599,0.715
3043,59,45,0.763
3044a,14,10,0.714
3044b,27,19,0.704
3045,327,234,0.716
3046,196,123,0.628
3048b,135,103,0.763
30499,23,17,0.739
3049c,25,11,0.44
30503,130,104,0.8
30504,45,33,0.733
30505,40,33,0.825
30526,59,41,0.695
30540,25,21,0.84
30541,23,17,0.739
30552,53,47,0.887
30553,143,128,0.895
30554a,23,23,1.0
30562,75,57,0.76
30565,306,220,0.719
30586,79,60,0.759
30602,172,110,0.64
3062a,297,212,0.714
3062b,3655,2137,0.585
3063b,407,319,0.784
30648,138,138,1.0
3065,367,271,0.738
3066,40,26,0.65
30663,63,48,0.762
3067,17,14,0.824
3067a,22,17,0.773
3068a,118,111,0.941
3068b,3895,2634,0.676
3068bp08,24,22,0.917
3068bp0y,20,17,0.85
3068bp51,13,10,0.769
30699,15,15,1.0
3069a,130,111,0.854
3069b,8619,6395,0.742
3069bp01,49,39,0.796
3069bp02,18,15,0.833
3069bp03,12,12,1.0
3069bp06,32,29,0.906
3069bp09,22,20,0.909
3069bp0c,29,18,0.621
3069bp13,14,12,0.857
3069bp18,19,16,0.842
3069bp25,40,34,0.85
3069bp28,15,12,0.8
3069bp52,28,26,0.929
3069bp68,40,37,0.925
3069bp80,12,9,0.75
3069bpc3,25,19,0.76
3069bps1,24,23,0.958
3069bps6,13,12,0.923
3069bpw2,29,21,0.724
3070a,253,204,0.806
3070b,5458,3900,0.715
3070bp02,12,12,1.0
3070bp03,13,13,1.0
3070bp07,26,26,1.0
3081cc01,95,50,0.526
3127a,16,16,1.0
313,49,26,0.531
3134,19,17,0.895
3137c01,29,22,0.759
3139,199,138,0.693
3144,14,8,0.571
3148,16,11,0.688
3149e,31,22,0.71
314e,23,6,0.261
3176,347,229,0.66
3184,48,22,0.458
3185,189,149,0.788
3186,18,13,0.722
3187,16,11,0.688
3188,18,17,0.944
3189,19,17,0.895
32000,764,542,0.709
32001,119,79,0.664
32002,662,601,0.908
32005,47,47,1.0
32006,46,42,0.913
32007,20,20,1.0
32009,650,647,0.995
32012,19,19,1.0
32013,1370,1268,0.926
32014,253,237,0.937
32015,246,232,0.943
32016,399,383,0.96
32017,298,293,0.983
32018,295,240,0.814
32019,61,61,1.0
32020,22,22,1.0
32028,1771,1313,0.741
32034,1002,939,0.937
32039,878,819,0.933
32054,3516,3117,0.887
32056,696,690,0.991
32059,56,35,0.625
32062,3754,3452,0.92
32063,471,464,0.985
32064a,542,364,0.672
32064b,75,58,0.773
32065,146,124,0.849
32068,65,57,0.877
32069,36,36,1.0
32072,140,125,0.893
32073,1750,1391,0.795
32083,26,20,0.769
32123a,1287,1186,0.922
32123b,1594,1497,0.939
32124,207,154,0.744
32125,23,18,0.783
32126,161,149,0.925
32138,139,129,0.928
32140,2244,2209,0.984
32177,14,14,1.0
32184,1317,1196,0.908
32187,35,29,0.829
32192,179,172,0.961
32195a,20,20,1.0
32196,20,20,1.0
32197,20,20,1.0
32198,123,121,0.984
32207,15,14,0.933
32208,15,15,1.0
32209,123,100,0.813
32210,13,13,1.0
32211,28,28,1.0
32212,19,17,0.895
32214,16,14,0.875
32219,19,19,1.0
32249,146,137,0.938
32250,273,273,1.0
32269,176,151,0.858
32270,666,595,0.893
32271,289,287,0.993
32278,1350,1291,0.956
3228a,24,6,0.25
3228b,85,49,0.576
32291,485,451,0.93
32293,53,51,0.962
32294,36,35,0.972
3229b,16,16,1.0
3230b,16,16,1.0
32316,2039,1961,0.962
32324,53,29,0.547
32333,50,21,0.42
32348,324,324,1.0
3240bc01,14,2,0.143
3241ac04,24,18,0.75
32449,695,680,0.978
3245a,137,94,0.686
3245b,115,67,0.583
3245c,223,165,0.74
32474,36,31,0.861
32494,77,72,0.935
32498,27,26,0.963
32523,1793,1748,0.975
32524,1940,1874,0.966
32525,1292,1230,0.952
32526,1872,1837,0.981
32527,15,15,1.0
32528,15,14,0.933
32529,40,35,0.875
32530,135,105,0.778
32531,77,29,0.377
32532,95,47,0.495
32555,51,35,0.686
32556,1129,907,0.803
32557,136,121,0.89
32606,56,36,0.643
32607,276,251,0.909
32803,198,161,0.813
32828,163,121,0.742
32932,17,11,0.647
32952,423,287,0.678
3297,566,398,0.703
3298,832,600,0.721
3298p90,14,1,0.071
3299,31,23,0.742
3300,51,36,0.706
33051,16,12,0.75
33057,14,12,0.857
3307,34,25,0.735
33078,31,30,0.968
3308,41,29,0.707
33125,12,11,0.917
3314,13,6,0.462
3315,15,10,0.667
3317,18,8,0.444
33172,16,8,0.5
33183,126,119,0.944
33243,57,39,0.684
3326a,27,23,0.852
3326b,39,36,0.923
33291,435,392,0.901
33299,118,110,0.932
33303,45,32,0.711
33320,60,50,0.833
33909,514,419,0.815
3403,24,15,0.625
3403c01,17,13,0.765
3404,25,10,0.4
34103,368,228,0.62
342,38,27,0.711
343,143,143,1.0
3455,104,71,0.683
3456,69,40,0.58
3460,3559,2514,0.706
3461,18,9,0.5
3462,13,3,0.231
3464,109,34,0.312
3471,12,0,0.0
3475a,35,32,0.914
3475b,69,62,0.899
3479,86,35,0.407
3481,15,12,0.8
34816,27,27,1.0
3482,375,278,0.741
3483,141,70,0.496
3488,26,18,0.692
3491,13,7,0.538
35,16,16,1.0
35044,13,9,0.692
35442,17,13,0.765
35459,43,26,0.605
35464,128,94,0.734
35480,617,453,0.734
35787,200,163,0.815
35789,15,13,0.867
3579,16,10,0.625
3581,103,65,0.631
3582,42,30,0.714
3585,20,14,0.7
3586,20,14,0.7
3597,15,10,0.667
36,16,16,1.0
3612,42,42,1.0
3613,15,14,0.933
3622,3948,2848,0.721
3623,6071,4413,0.727
3624,150,45,0.3
3625,35,8,0.229
3626a,49,11,0.224
3626ap01,155,109,0.703
3626b,58,32,0.552
3626bp01,636,230,0.362
3626bp02,17,5,0.294
3626bp03,33,10,0.303
3626bp04,70,16,0.229
3626bp05,15,2,0.133
3626bp06,12,11,0.917
3626bp35,16,10,0.625
3626bp69,18,15,0.833
3626bp85,12,3,0.25
3626c,72,30,0.417
3626cp01,30,2,0.067
3626cp8h,12,1,0.083
3626cp8k,13,1,0.077
3629,38,23,0.605
3633,372,283,0.761
3634,97,86,0.887
3639,34,19,0.559
3640,28,16,0.571
3641,901,746,0.828
3644,32,29,0.906
3647,324,259,0.799
3648a,114,92,0.807
3648b,170,151,0.888
3649,28,17,0.607
3650a,43,40,0.93
3650b,19,19,1.0
3650c,27,25,0.926
3651,377,353,0.936
3652,13,7,0.538
3659,399,289,0.724
3660,2385,1765,0.74
3660a,154,134,0.87
3660b,14,14,1.0
3660p01,13,5,0.385
3665,542,425,0.784
3665a,1512,1130,0.747
3665b,154,117,0.76
3666,5847,4104,0.702
3673,2630,1778,0.676
3675,113,78,0.69
3676,118,86,0.729
3678a,99,85,0.859
3678b,144,124,0.861
3679,241,102,0.423
3680,373,231,0.619
3680c01,104,55,0.529
3684,39,34,0.872
36840,182,130,0.714
36841,93,73,0.785
3684a,76,56,0.737
3684c,137,120,0.876
3685,70,54,0.771
3688,21,13,0.619
3700,2604,1857,0.713
3701,1237,887,0.717
3702,803,651,0.811
3703,689,571,0.829
3704,153,138,0.902
3705,2134,1758,0.824
3706,1259,1039,0.825
3707,660,502,0.761
3708,361,274,0.759
3709b,559,351,0.628
3710,10316,7256,0.703
3711,608,608,1.0
3712,120,115,0.958
3712c01,45,38,0.844
3713,4044,3761,0.93
3730,53,43,0.811
3731,33,24,0.727
37352,236,206,0.873
3736,34,30,0.882
3737,396,302,0.763
3738,366,193,0.527
3739,14,10,0.714
3740,14,13,0.929
3741,22,8,0.364
3741a,61,30,0.492
3741ac01,118,54,0.458
3741c01,22,15,0.682
3742,199,199,1.0
3743,231,157,0.68
3747a,380,262,0.689
3747b,175,135,0.771
3749,2044,1777,0.869
3754,13,13,1.0
3755,13,10,0.769
37762,148,136,0.919
37775,21,19,0.905
3787,66,49,0.742
3788,339,156,0.46
3794a,2075,1315,0.634
3794b,1396,971,0.696
3795,3641,2547,0.7
3811,21,1,0.048
3815,1054,236,0.224
3815b,199,9,0.045
3815c01,94,26,0.277
3815c02,15,0,0.0
3816,1052,401,0.381
3816b,188,30,0.16
3817,1055,412,0.391
3817b,191,30,0.157
3818,1424,1424,1.0
3819,1426,1426,1.0
3820,2841,2830,0.996
3821,182,112,0.615
3822,184,113,0.614
3823,177,120,0.678
3828,42,42,1.0
3829a,42,24,0.571
3829c01,396,177,0.447
3830,234,188,0.803
3831,230,194,0.843
3832,1236,781,0.632
38320,66,41,0.621
3833,83,19,0.229
3834,37,13,0.351
3835,38,36,0.947
3836,59,56,0.949
3837,78,72,0.923
3838,217,61,0.281
3839a,70,54,0.771
3839b,171,98,0.573
3841,22,19,0.864
3842a,72,29,0.403
3842b,16,5,0.312
3844,34,21,0.618
3846p4g,12,12,1.0
3847,40,39,0.975
3848,28,18,0.643
3849,60,56,0.933
3853,129,96,0.744
3854,192,157,0.818
3855b,77,45,0.584
3856,100,76,0.76
3857,80,32,0.4
38583,15,10,0.667
38585,36,26,0.722
3861,33,31,0.939
3865,18,7,0.389
3867,20,1,0.05
3873,484,469,0.969
3876,13,11,0.846
3890c01,14,11,0.786
3890c02,14,10,0.714
3890c04,15,14,0.933
3894,837,643,0.768
3895,599,495,0.826
3896,21,18,0.857
3898,13,1,0.077
3899,172,144,0.837
3900,56,53,0.946
3901,134,36,0.269
39262,14,14,1.0
3933,129,70,0.543
3934,127,71,0.559
3935,44,28,0.636
3936,44,28,0.636
3937,919,680,0.74
3938,492,346,0.703
3939,49,25,0.51
3940,140,90,0.643
3941,1170,714,0.61
3942b,49,33,0.673
3942c,79,58,0.734
3943b,55,41,0.745
3956,202,166,0.822
3957a,503,338,0.672
3957b,91,64,0.703
3958,393,139,0.354
3959,154,130,0.844
3960,141,121,0.858
3961,27,22,0.815
3962a,64,56,0.875
3962b,62,54,0.871
3963,93,69,0.742
39739,13,12,0.923
39793,46,43,0.935
39794,15,14,0.933
4-4cylc,520,520,1.0
4-4cyli,29130,29130,1.0
4-4disc,873,699,0.801
4-4edge,2478,2478,1.0
4-4ndis,1220,1053,0.863
4-4rin12,55,55,1.0
4-4rin13,38,38,1.0
4-4ring2,428,428,1.0
4-4ring3,210,203,0.967
4-4ring4,130,118,0.908
4-4ring9,168,160,0.952
4006,78,67,0.859
4019,207,162,0.783
4022,103,82,0.796
4022c01,48,38,0.792
40244,12,11,0.917
4032a,1805,1071,0.593
4032b,175,123,0.703
4033,127,69,0.543
4033c01,54,50,0.926
4034,95,50,0.526
40344,50,35,0.7
4035,61,41,0.672
4035c01,22,21,0.955
4036,34,21,0.618
40379,23,21,0.913
40490,1368,1334,0.975
40620,18,14,0.778
4070,3575,2535,0.709
4071,17,8,0.471
4072,12,4,0.333
4073,89,60,0.674
4079,582,362,0.622
4081a,240,217,0.904
4081b,891,662,0.743
4083,157,109,0.694
4084,233,167,0.717
4085a,211,169,0.801
4085b,227,180,0.793
4085c,758,530,0.699
4092a,60,42,0.7
4092b,25,21,0.84
4093c,29,9,0.31
4095,120,98,0.817
41239,968,896,0.926
4143,185,164,0.886
4150,196,120,0.612
4150p01,43,40,0.93
4150p03,23,22,0.957
4150ps4,22,18,0.818
4151a,21,12,0.571
41531,23,18,0.783
41532,18,16,0.889
41539,103,54,0.524
4159998c,16,16,1.0
4161,128,91,0.711
4162,2621,1957,0.747
41669,232,224,0.966
4166a,57,27,0.474
4166b,47,46,0.979
41677,1332,1295,0.972
41678,400,380,0.95
41679,16,16,1.0
4168,14,14,1.0
41682,114,101,0.886
41740,173,110,0.636
41747,66,50,0.758
41748,67,49,0.731
41749,18,13,0.722
4175,379,270,0.712
41750,18,12,0.667
4176,68,31,0.456
41764,29,19,0.655
41765,30,20,0.667
41767,42,26,0.619
41768,43,25,0.581
41769,399,276,0.692
41770,425,308,0.725
4180c02,70,47,0.671
4181,14,12,0.857
4181p04,20,20,1.0
4182,13,12,0.923
4182p04,20,20,1.0
4183,113,100,0.885
4185,144,134,0.931
41854,54,43,0.796
41855,35,17,0.486
4185a,53,44,0.83
4185b,25,23,0.92
41862,42,19,0.452
41879a,22,0,0.0
4188571b,12,12,1.0
41893,14,14,1.0
41896,49,49,1.0
41897,28,27,0.964
4190,16,15,0.938
42003,1792,1702,0.95
42022,147,96,0.653
42023,142,78,0.549
42060,14,9,0.643
42061,14,9,0.643
4208,14,10,0.714
4209,13,11,0.846
4210a,35,31,0.886
4211,79,63,0.797
4212b,34,16,0.471
4213,208,136,0.654
4214,75,44,0.587
4215a,128,94,0.734
4215b,95,67,0.705
4216,428,339,0.792
4217,37,31,0.838
4218a,97,26,0.268
4218b,61,37,0.607
422,16,6,0.375
4221,14,14,1.0
4222a,18,16,0.889
4229,139,66,0.475
42445,20,18,0.9
42446,73,65,0.89
4254,78,32,0.41
4255,79,33,0.418
4261,134,57,0.425
42610,289,266,0.92
4262,123,80,0.65
4263,69,47,0.681
4265a,936,874,0.934
4265b,116,98,0.845
4266,65,59,0.908
4267,22,20,0.909
42716,13,12,0.923
4273a,222,211,0.95
4273b,59,55,0.932
4274,3949,3596,0.911
4275a,36,28,0.778
4275b,265,215,0.811
4276a,28,26,0.929
4276b,306,246,0.804
4282,688,483,0.702
4285a,30,24,0.8
4285b,22,16,0.727
4286,1227,741,0.604
4287,114,88,0.772
4287a,332,242,0.729
4287b,56,42,0.75
4287c,12,8,0.667
4288,49,47,0.959
42918,61,28,0.459
43093,5557,5151,0.927
43121,14,6,0.429
4315,285,158,0.554
4345a,31,19,0.613
4345ap03,12,5,0.417
4345b,63,39,0.619
4346,69,46,0.667
4346p03,13,5,0.385
4347c01,16,5,0.312
4349,146,131,0.897
4360,25,20,0.8
43710,36,19,0.528
43711,39,21,0.538
43712,26,17,0.654
43713,41,19,0.463
43719,52,24,0.462
43720,26,18,0.692
43721,25,18,0.72
43722,437,290,0.664
43723,412,289,0.701
43857,475,468,0.985
43888,97,53,0.546
43892,18,15,0.833
43898,119,92,0.773
44126,79,48,0.608
44224,16,16,1.0
44225,16,16,1.0
44237,32,24,0.75
44294,726,572,0.788
44300,38,38,1.0
44301,268,224,0.836
44302,266,224,0.842
44302a,223,181,0.812
44309,88,86,0.977
44375a,13,3,0.231
44375b,40,33,0.825
4442,83,33,0.398
4444,86,65,0.756
4444p08,13,7,0.538
4445,297,227,0.764
4447,51,28,0.549
4448,49,28,0.571
4449-f1,54,42,0.778
44567,135,100,0.741
44568,62,43,0.694
44570,51,38,0.745
4459,706,465,0.659
4460a,240,172,0.717
4460b,164,130,0.793
44661,29,9,0.31
44674,101,26,0.257
44675,21,17,0.81
44676,68,67,0.985
44728,1123,765,0.681
4474,32,18,0.562
4475,22,10,0.455
4476,103,81,0.786
4477,1919,1311,0.683
44771,20,20,1.0
44772,13,12,0.923
44809,81,76,0.938
44822,18,12,0.667
4485,161,52,0.323
44861,41,32,0.78
4488,301,211,0.701
4489a,32,30,0.938
4489b,12,8,0.667
4490,359,285,0.794
4491a,28,6,0.214
4491b,14,3,0.214
4493c01,19,3,0.158
4493c02,20,1,0.05
4495a,91,60,0.659
4495b,33,26,0.788
4497,53,45,0.849
4498,29,29,1.0
4499,30,29,0.967
4503,20,12,0.6
4504,41,37,0.902
4506,15,1,0.067
4509,39,33,0.846
451,18,9,0.5
4510,377,263,0.698
4511,12,11,0.917
4515,54,34,0.63
4519,4009,3427,0.855
4522,50,43,0.86
4528,37,37,1.0
4529,15,14,0.933
4530,64,38,0.594
4531,155,127,0.819
4532,53,43,0.811
4533,65,46,0.708
4536,55,35,0.636
45590,75,72,0.96
45677,107,53,0.495
4588,46,40,0.87
4589,1021,766,0.75
4590,119,86,0.723
4591,37,29,0.784
4592,562,459,0.817
4592c01,207,131,0.633
4593,563,544,0.966
4594,16,7,0.438
4595,101,74,0.733
4596,71,42,0.592
4597,13,6,0.462
4598,48,5,0.104
45982,16,16,1.0
4599a,388,325,0.838
4599b,323,291,0.901
4600,450,313,0.696
4617b,13,12,0.923
46212,12,7,0.583
4623,252,225,0.893
4624,881,749,0.85
4625,174,128,0.736
4626,14,12,0.857
46667,24,20,0.833
4697a,26,18,0.692
4697b,89,84,0.944
4715,27,25,0.926
47157,38,32,0.842
4716,116,98,0.845
4719c01,20,13,0.65
4727,17,14,0.824
4728,13,13,1.0
4730,95,70,0.737
4732,25,16,0.64
4733,205,61,0.298
4735,201,171,0.851
4739,13,7,0.538
47397,93,53,0.57
47398,91,49,0.538
4740,708,538,0.76
4742,14,11,0.786
47455,12,10,0.833
47456,23,21,0.913
47457,220,164,0.745
47458,53,50,0.943
4746,19,8,0.421
4755,15,11,0.733
4770,43,37,0.86
47720,13,4,0.308
47753,25,13,0.52
47755,23,12,0.522
47759,14,10,0.714
47905,307,203,0.661
48092,126,93,0.738
48169,12,8,0.667
48183,48,26,0.542
48205,34,31,0.912
48208,34,31,0.912
48336,816,651,0.798
48496,21,21,1.0
4854,122,85,0.697
4855,79,49,0.62
4856,54,43,0.796
4857,42,31,0.738
4858,32,19,0.594
4859,234,128,0.547
4861,30,17,0.567
4862,290,221,0.762
4863,77,57,0.74
4864a,128,105,0.82
4864b,299,198,0.662
4865a,944,768,0.814
4865b,500,391,0.782
4868a,34,30,0.882
4869,35,31,0.886
4870,49,37,0.755
4871,136,110,0.809
4872,42,26,0.619
48729,15,15,1.0
48729a,53,52,0.981
48729b,234,225,0.962
4873,61,48,0.787
48933,15,9,0.6
48989,488,472,0.967
49283,24,23,0.958
49307,305,225,0.738
49668,196,163,0.832
49673,32,22,0.688
502,14,11,0.786
50254,24,24,1.0
50304,59,46,0.78
50305,56,41,0.732
50450,13,13,1.0
50451,13,11,0.846
50745,183,155,0.847
50746,581,449,0.773
50943,82,28,0.341
50947,193,189,0.979
50948,23,11,0.478
50949,53,26,0.491
50950,1007,698,0.693
50951,569,555,0.975
50955,21,13,0.619
50956,21,14,0.667
50967,44,8,0.182
51011,62,61,0.984
51377,94,94,1.0
51719,536,534,0.996
51739,225,164,0.729
52031,63,29,0.46
52038,22,14,0.636
52107,192,119,0.62
52501,68,45,0.662
52901,25,24,0.96
5306,15,5,0.333
53451,65,64,0.985
53551,14,14,1.0
53585,28,12,0.429
53586,12,12,1.0
53787,15,15,1.0
53989,30,30,1.0
54200,4975,3928,0.79
54383,242,171,0.707
54384,236,145,0.614
55013,270,246,0.911
55295,22,15,0.682
55296,22,15,0.682
55297,22,17,0.773
55298,22,17,0.773
55299,22,17,0.773
55300,22,16,0.727
55423,12,11,0.917
55615,41,37,0.902
55976,100,97,0.97
55978,23,22,0.957
55981,205,197,0.961
55982,142,141,0.993
56145,323,308,0.954
56890,20,20,1.0
56891,38,37,0.974
56898,15,13,0.867
56902,32,27,0.844
56904,30,28,0.933
56908,41,38,0.927
57274,12,12,1.0
572a,80,74,0.925
57515,59,59,1.0
57518,641,624,0.973
57519,45,44,0.978
57520,35,33,0.943
57539k02,78,78,1.0
57585,32,24,0.75
57783,20,5,0.25
577b,91,85,0.934
57877,12,6,0.5
57878,24,20,0.833
57894,24,17,0.708
57895,65,49,0.754
58090,48,46,0.958
58119,17,14,0.824
58124c01,28,25,0.893
58176,120,86,0.717
58181,20,9,0.45
59349,79,68,0.861
59426,259,231,0.892
59443,2190,2008,0.917
59895,101,99,0.98
59900,635,394,0.62
6003,44,31,0.705
60032,74,61,0.824
6005,278,232,0.835
6014,753,644,0.855
6014c01,23,13,0.565
6014c02,16,12,0.75
6015,548,455,0.83
6016,29,23,0.793
60169k02,21,21,1.0
6019,691,565,0.818
6020,62,60,0.968
60208,49,48,0.98
60212,22,8,0.364
60219,18,16,0.889
6041,22,19,0.864
60470a,183,150,0.82
60470b,162,121,0.747
60471,66,52,0.788
60474,201,104,0.517
60475a,49,30,0.612
60475b,147,111,0.755
60476,29,24,0.828
60477,233,176,0.755
60478,681,557,0.818
60479,549,375,0.683
6048,14,12,0.857
60481,338,264,0.781
60483,1193,1176,0.986
60484,578,570,0.986
60485,268,210,0.784
60581,114,99,0.868
60583b,15,7,0.467
60592,303,185,0.611
60592c01,72,54,0.75
60593,175,118,0.674
60593c01,57,56,0.982
60594,150,112,0.747
60596,174,142,0.816
6060,133,97,0.729
60601,246,161,0.654
60602,158,102,0.646
60607,33,26,0.788
60608,100,84,0.84
6061,14,12,0.857
60614,16,14,0.875
60616a,16,9,0.562
60616b,34,21,0.618
60623,65,41,0.631
6064,17,3,0.176
6070,46,22,0.478
60700,76,70,0.921
6079,15,6,0.4
6081,332,293,0.883
6082,12,6,0.5
6083,18,7,0.389
60849,71,67,0.944
6087,64,48,0.75
60897,647,459,0.709
6091,1377,1022,0.742
6093a,23,4,0.174
6104,14,2,0.143
6106,103,69,0.67
61068,36,25,0.694
61068p01,18,14,0.778
61072,21,8,0.381
6108,12,8,0.667
6111,488,332,0.68
6112,298,242,0.812
6117,15,14,0.933
6118,62,62,1.0
61184,115,112,0.974
6119,12,4,0.333
6120,40,21,0.525
61252,307,243,0.792
6126a,60,59,0.983
6126b,21,21,1.0
6134,369,310,0.84
61345,62,61,0.984
6140,64,47,0.734
61409,573,442,0.771
6141,28380,7906,0.279
6143,745,526,0.706
61480,14,14,1.0
61481,26,26,1.0
61482,21,20,0.952
61485,18,12,0.667
61510,21,19,0.905
6153,14,8,0.571
6154,22,16,0.727
6157,535,157,0.293
6160,24,7,0.292
61678,608,405,0.666
6178,30,21,0.7
61780,25,11,0.44
6179,275,219,0.796
6180,176,141,0.801
61800,12,8,0.667
6182,54,37,0.685
6183,35,18,0.514
6187,44,32,0.727
6190,78,71,0.91
61904,44,43,0.977
6191,158,119,0.753
6192,36,31,0.861
6205,22,20,0.909
62113,22,18,0.818
6215,281,263,0.936
6218,14,14,1.0
6222,46,24,0.522
62271c01,17,17,1.0
62274c01,23,21,0.913
6231,718,563,0.784
6232,243,174,0.716
6233,44,33,0.75
62360,28,17,0.607
62361,83,53,0.639
6238a,12,4,0.333
6239,28,16,0.571
62462,875,801,0.915
6249,88,54,0.614
62519,142,138,0.972
62520,284,274,0.965
62531,114,107,0.939
6256,16,7,0.438
6259,61,43,0.705
6264,35,33,0.943
6266,118,101,0.856
6268a,13,13,1.0
6269,15,9,0.6
62743,19,17,0.895
62810,25,7,0.28
62821,49,48,0.98
63082,49,45,0.918
63290,33,24,0.727
63325,121,95,0.785
63864,1842,1390,0.755
63868,433,370,0.855
63869,699,668,0.956
63965,202,167,0.827
63965a,58,48,0.828
64178,76,35,0.461
64179,287,199,0.693
64225,31,23,0.742
64391,111,103,0.928
64392,41,37,0.902
64393,63,53,0.841
64394,38,37,0.974
64448,13,13,1.0
64451,16,16,1.0
64453,17,10,0.588
64570,13,10,0.769
64644,320,225,0.703
64647,35,33,0.943
64648,23,19,0.826
64680,39,38,0.974
64681,64,53,0.828
64682,41,39,0.951
64683,113,108,0.956
64727,21,20,0.952
64781,29,23,0.793
64782,317,265,0.836
64799,62,20,0.323
64951,12,5,0.417
6536,3002,2783,0.927
6538a,93,66,0.71
6538b,484,408,0.843
6539,39,27,0.692
6541,1123,799,0.711
65426,14,13,0.929
65429,14,12,0.857
6542a,70,50,0.714
6542b,44,34,0.773
6546,20,20,1.0
6553,321,308,0.96
6556,94,70,0.745
6558,9866,8499,0.861
6564,121,59,0.488
6565,122,64,0.525
6572,24,23,0.958
6573,24,20,0.833
6575,54,54,1.0
6576,13,8,0.615
6577,12,11,0.917
6578,16,14,0.875
6579,37,37,1.0
6580a,34,34,1.0
6583,43,39,0.907
6584,13,4,0.308
6585,12,10,0.833
6587,605,533,0.881
6589,608,568,0.934
6590,48,41,0.854
6628,574,541,0.943
6629,607,595,0.98
6632,1497,1461,0.976
6636,2639,1991,0.754
6641,75,74,0.987
680,44,36,0.818
68013,12,12,1.0
682,16,16,1.0
68568,26,25,0.962
69729,122,118,0.967
70023,18,18,1.0
7049b,18,15,0.833
70501a,14,13,0.929
70501b,15,14,0.933
70501c,17,15,0.882
70501d,14,13,0.929
70720c01,42,42,1.0
70961,18,13,0.722
71075a,12,6,0.5
71076a,14,14,1.0
71137,13,9,0.692
71533k01,52,52,1.0
71533k03,2031,2031,1.0
71944k01,12,12,1.0
71944k02,103,103,1.0
72454,18,16,0.889
72504,25,25,1.0
73037,26,23,0.885
73090b,19,10,0.526
73092,50,49,0.98
73435,14,14,1.0
73664,12,11,0.917
73825,23,14,0.609
74695,517,509,0.985
74967,22,22,1.0
750,34,26,0.765
752,177,126,0.712
754,2556,2554,0.999
755,211,211,1.0
75535,194,150,0.773
756,2555,2555,1.0
758,132,132,1.0
75937,57,42,0.737
76019,21,19,0.905
76260,19,17,0.895
76279,14,14,1.0
76289,17,17,1.0
76537,39,39,1.0
766c01,13,11,0.846
76766,19,13,0.684
76768,12,9,0.75
77,8188,7851,0.959
78258,29,26,0.897
787c02,17,8,0.471
79,138,116,0.841
7930c01,16,15,0.938
795,14,14,1.0
8,22,9,0.409
80,1768,1708,0.966
821410d,15,15,1.0
821420b,16,16,1.0
85080,141,108,0.766
85489a,12,12,1.0
85861,846,502,0.593
85863,48,46,0.958
85940,17,17,1.0
85941,25,15,0.6
85943,44,26,0.591
85959p02,19,17,0.895
85970,87,61,0.701
85975,28,18,0.643
85984,1922,1553,0.808
86208,16,15,0.938
86210,41,31,0.756
86652,41,41,1.0
87079,1869,1411,0.755
87080,113,107,0.947
87081,26,8,0.308
87082,513,481,0.938
87083,918,830,0.904
87086,107,101,0.944
87087,1359,893,0.657
87407,105,104,0.99
87408,110,108,0.982
87414,32,29,0.906
87544,76,55,0.724
87552,265,212,0.8
87580,774,444,0.574
87609,133,77,0.579
87617,13,12,0.923
87618,47,46,0.979
87620,109,83,0.761
87692,20,10,0.5
87693,18,9,0.5
87697,117,110,0.94
87747,26,26,1.0
87761,37,18,0.486
87991,13,9,0.692
87994,306,240,0.784
88072,192,154,0.802
88292,92,64,0.696
88293,40,27,0.675
88323,97,96,0.99
88393,16,8,0.5
88646,62,59,0.952
88930,228,176,0.772
89201,24,24,1.0
89522,13,12,0.923
90194,43,34,0.791
90195,93,66,0.71
90258,45,34,0.756
90370,12,10,0.833
90398,41,25,0.61
90498,22,17,0.773
90540,37,37,1.0
91405,59,20,0.339
91501,63,53,0.841
91988,143,76,0.531
92099,30,18,0.6
92107,16,12,0.75
92244,37,18,0.486
92245,41,24,0.585
92248,43,14,0.326
92280,474,385,0.812
92402,12,12,1.0
92409,24,22,0.917
92410,44,29,0.659
92438,108,46,0.426
92593,516,339,0.657
92690,28,28,1.0
92693c01,36,31,0.861
92695,36,33,0.917
92696,36,31,0.861
92842,12,11,0.917
92906,49,45,0.918
92907,244,234,0.959
92908,14,10,0.714
92909,52,52,1.0
92912,15,15,1.0
92946,249,212,0.851
92947,87,64,0.736
92950,85,53,0.624
93061,26,26,1.0
93095,47,41,0.872
932,7900,7900,1.0
93273,308,265,0.86
93274,133,103,0.774
933c01,74,66,0.892
93550,13,13,1.0
93555,30,20,0.667
93593,20,16,0.8
93594,16,12,0.75
93595,26,26,1.0
93604,15,14,0.933
93606,243,181,0.745
93792,30,20,0.667
94148,17,4,0.235
94725,12,8,0.667
94925,410,364,0.888
95188,12,12,1.0
95228,27,23,0.852
95343,25,19,0.76
95344,28,21,0.75
95820,72,63,0.875
96910,265,236,0.891
97122,12,12,1.0
973,269,34,0.126
973p01,13,8,0.615
973p0a,12,5,0.417
973p16,12,2,0.167
973p18,26,4,0.154
973p1b,19,4,0.211
973p1d,17,9,0.529
973p1e,19,13,0.684
973p1f,21,1,0.048
973p1g,12,0,0.0
973p21,20,4,0.2
973p22,12,7,0.583
973p26,36,6,0.167
973p40,22,0,0.0
973p42,17,0,0.0
973p43,19,0,0.0
973p51,24,8,0.333
973p52,17,0,0.0
973p68,14,4,0.286
973p6e,15,2,0.133
973p71,18,9,0.5
973p75,13,0,0.0
973p81,12,1,0.083
973p84,14,11,0.786
973p8g,15,1,0.067
973p90,58,3,0.052
973pdd,15,0,0.0
98100,28,17,0.607
98138,18190,1443,0.079
98138p07,24,22,0.917
98138p0a,28,19,0.679
98138p0b,12,12,1.0
98138p0d,15,10,0.667
98138p0n,16,16,1.0
98138p80,12,10,0.833
98138pc1,26,23,0.885
98138pz0,102,82,0.804
98138pz1,50,48,0.96
98282,35,24,0.686
98283,741,526,0.71
98286,34,28,0.824
98374,14,9,0.643
98397,22,22,1.0
98585,60,48,0.8
98989,22,22,1.0
99008,248,234,0.944
99009,45,40,0.889
99010,45,42,0.933
99012,31,31,1.0
99013p01,14,14,1.0
99021,105,101,0.962
99206,797,593,0.744
99207,773,618,0.799
993,352,352,1.0
99773,277,269,0.971
99780,625,462,0.739
99781,348,243,0.698
axlehol8,5759,5739,0.997
box3u2p,306,306,1.0
box3u8p,75,75,1.0
box4,274,274,1.0
box4-1,209,209,1.0
box4o8a,6018,6017,1.0
box5-12,129,129,1.0
bump5000,48,48,1.0
rect,3794,3794,1.0
stud,440,300,0.682
stud3,203,203,1.0
stud3a,233,218,0.936
t04o6250,421,421,1.0
t04q1538,20,20,1.0
t08q7500,14,14,1.0
u1125,16,14,0.875
u1126,18,18,1.0
u8001b,50,43,0.86
u8200,15,6,0.4
u9026,24,0,0.0
u9053,40,40,1.0
u9100,140,66,0.471
u9101,140,135,0.964
u9102,48,15,0.312
u9103,70,20,0.286
u9131,12,12,1.0
u9132c01,13,7,0.538
u9190,3109,3109,1.0
u9218,15301,15301,1.0
