dat_name,set_count,total_uses
10159 - 3596s99.dat,1,2
10179 - 47996_bended_01.dat,1,2
10179 - 47996_bended_02.dat,1,12
10182 - ls50.dat,1,4
10182 - ls51.dat,1,340
10197 - ls60.dat,1,90
10243 - 30218.dat,1,2
10265 - 30191-f4.dat,2,2
10270 - 3857h.dat,1,1
10272 - 23969p00.dat,1,2
10272 - 90498p00.dat,1,2
10295 - 71944-f2.dat,1,1
10297 - 3816bp8a.dat,1,1
10297 - 3817bp8a.dat,1,1
112-2 - x507.dat,1,1
112-2 - x579.dat,1,1
112-2 - x580.dat,1,1
164 - 004757j.dat,1,2
1682 - ls60.dat,1,810
21034 - ls40.dat,1,8
21034 - ls41.dat,1,200
21034 - ls50.dat,1,8
21034 - ls51.dat,1,156
21045 - 49803.dat,1,1
21321 - international space station - 6180p00.dat,1,1
2684s01.dat,1,1
30193 - 94740.dat,1,4
30201 - 92338.dat,1,1
310 - x139b.dat,1,1
311 - x139b.dat,1,1
312 - x139b.dat,1,1
31313 - 53992c05.dat,1,2
314 - x139a.dat,1,1
315 - x139a.dat,1,2
3188 - 1010455.dat,1,1
3188 - 1010462.dat,1,1
3188 - 1010470.dat,1,1
3188 - 1010471.dat,1,1
3188 - 1010475.dat,1,1
3188 - 1010480.dat,1,1
3188 - 1010481.dat,1,1
3188 - 1010482.dat,1,1
3188 - 1010491.dat,1,1
350-3 - 4000c01-f2.dat,1,1
3636 - 197295.dat,1,1
3636 - 3067bpfd.dat,1,1
364 - ls60.dat,1,1017
3654 - 4071c02.dat,1,1
3660 - 4071c01.dat,1,1
3667 - 4071c02.dat,1,1
3670 - 4614c02.dat,1,1
3792 - 197295.dat,1,1
396 - 568c01.dat,1,1
4005 - ls04.dat,1,19
4005 - ls60.dat,1,255
41092 - 3069bpw5.dat,1,1
41497 - ls60.dat,1,320
42006 - ls50.dat,1,6
42006 - ls51.dat,1,61
42024 - ls50.dat,1,4
42024 - ls51.dat,1,16
42043 - 2943-v2.dat,1,1
42043 - 47223-v2-p1.dat,2,7
42053 - 26288-p2.dat,1,1
42053 - 2947-v2.dat,1,1
42057 -32523p01.dat,1,1
42074 - 6209851ap01.dat,1,1
42074 - 6209851bp01.dat,1,1
42078 - 208b.dat,1,8
42078 - 209b.dat,1,84
42082 - 208a.dat,1,4
42082 - 209a.dat,1,10
42120 - faxle1.dat,1,4
42120 - faxle2.dat,1,4
42120 - faxle3.dat,1,4
42120 - faxle4.dat,1,4
42120 - faxle5.dat,1,4
42123 - faxle1.dat,1,8
42123 - faxle2.dat,1,8
42123 - faxle3.dat,1,8
42123 - faxle4.dat,1,8
42123 - faxle5.dat,1,8
42125 - faxle1.dat,1,24
42125 - faxle2.dat,1,24
42125 - faxle3.dat,1,24
42125 - faxle4.dat,1,24
42125 - faxle5.dat,1,24
4557 - ls60.dat,1,89
47223-v2-p1.dat,1,1
4865p01b.dat,4,12
4865p01c.dat,4,12
5510 - u4208.dat,2,2
5510 - u4330.dat,2,2
58124s03.dat,1,1
5934 - 71965c01.dat,1,2
5973 - ls90.dat,1,4
5973 - ls91.dat,1,114
5974 - ls90.dat,1,8
5974 - ls91.dat,1,228
5980 - ls90.dat,1,2
5980 - ls91.dat,1,57
60001 - 3626bpb633.dat,1,1
60101 - 74967s01.dat,1,4
60216 - 3815bc01.dat,1,1
60216 - 3815bp71c01.dat,1,2
6279 - ls60.dat,1,372
6285 - 2528p31.dat,1,1
6286 - 2528p31.dat,1,2
6339 - ls60.dat,1,1213
6379-1 - horse sticker.dat,1,1
6397 - ls60.dat,1,470
6414 - 6228.dat,1,1
6472 - ls60.dat,1,470
6685 - ls22.dat,1,4
6685 - ls23.dat,1,207
6919 - 6919.dat,1,3
6919 - 73590bf6919a.dat,1,1
6919 - 73590bf6919b.dat,1,1
6989 - ls60.dat,1,1796
70814 - 43903a.dat,1,66
70814 - 43903b.dat,1,60
70816 - 15427pb01.dat,1,1
70816 - 16175pb01.dat,1,2
70816 - 3039pb48.dat,1,3
70816 - 3626cpb1029.dat,1,1
70816 - 3626cpb1100.dat,1,1
70816 - 3626cpb1113.dat,1,2
70816 - 3626cpb1114.dat,1,1
70816 - 3815pb310.dat,1,1
70816 - 3815pb327.dat,1,2
70816 - 3816pb310.dat,1,1
70816 - 3816pb327.dat,1,2
70816 - 3817pb327.dat,1,2
70816 - 4490pb02.dat,1,1
70816 - 759b.dat,1,8
70816 - 973pb1561.dat,1,2
70816 - 973pb1652.dat,1,1
70816 - 973pb1684.dat,1,1
70816 - 973pb1685.dat,1,1
71006 - 30152c01.dat,1,1
7121 - 30218.dat,1,1
71303p01.dat,1,1
7131 - ls50.dat,1,4
7131 - ls51.dat,1,22
7161 - 30218.dat,1,1
7161 - ls20.dat,1,8
7161 - ls21.dat,1,72
7327 - 43903c01.dat,1,2
75053 - 50747ps1.dat,1,1
75053 - 6074270b.dat,1,1
75053 - 6074270e.dat,1,2
75053 - 6074270f.dat,1,2
75053 - 6074270g.dat,1,1
75053 - 6074270h.dat,1,1
75053 - 92279d01.dat,1,1
75102 - poe's x-wing fighter - 15068d10.dat,1,2
75102 - poe's x-wing fighter - 21849p01.dat,1,1
75102 - poe's x-wing fighter - 3297d02.dat,1,1
75102 - poe's x-wing fighter - 6116847a.dat,1,1
75102 - poe's x-wing fighter - 6116847b.dat,1,1
75102 - poe's x-wing fighter - 6116847c.dat,1,1
75102 - poe's x-wing fighter - 6116847f.dat,1,1
75102 - poe's x-wing fighter - 6116847g.dat,1,2
75155 - rebel u-wing fighter - 13252d02.dat,1,1
75155 - rebel u-wing fighter - 21849p02.dat,1,1
75155 - rebel u-wing fighter - 6164315e.dat,1,1
75155 - rebel u-wing fighter - 6164315f.dat,1,1
75155 - rebel u-wing fighter - 6164315ic01.dat,1,8
7722 - 3443c12.dat,1,1
7725 - 4181d01c01.dat,1,3
7725 - 4182d01c01.dat,1,3
7740 - 4181p02c01.dat,1,6
7740 - 4182p02c01.dat,1,6
7750 - ls22.dat,1,4
7750 - ls23.dat,1,684
7755 - 4181d03c01.dat,1,1
7755 - 4182d03c01.dat,1,1
7760 - 4181d02c01.dat,1,1
7760 - 4182d02c01.dat,1,1
7817 - ls60.dat,1,1014
8012 - 32578-f2.dat,1,2
8245 - ls05.dat,1,9
8258 - ls40.dat,1,4
8258 - ls41.dat,1,38
8258 - ls70.dat,1,491
8272 - ls40.dat,2,10
8272 - ls41.dat,2,274
8273 - ls50.dat,1,4
8273 - ls51.dat,1,28
8273 - ls60.dat,2,6648
8274 - ls02.dat,1,9
8274 - ls50.dat,2,10
8274 - ls51.dat,2,287
8275 - ls70.dat,1,1630
8527 - ldcev3wireseg.dat,1,1173
8527 - ldcnxtwireseg.dat,4,2436
854 - sticker.dat,1,1
86501s01.dat,2,2
86501s02.dat,2,2
86501s03.dat,2,4
86501s04.dat,2,2
8830 - 4864apx3.dat,2,4
8841 - ls40a.dat,2,12
8841 - ls41a.dat,2,14
8841 - ls50.dat,3,12
8841 - ls51.dat,3,1000
8841 - x993.dat,1,2223
8855 - x993.dat,1,299
8868-1 - myrubbercyl.dat,1,279
920 - rocket launch pad - ls22.dat,1,6
920 - rocket launch pad - ls23.dat,1,324
9390 - ls60.dat,1,390
9391 - ls60.dat,1,681
9394 - ls40.dat,2,8
9394 - ls41.dat,2,127
9394 - ls50.dat,2,8
9394 - ls51.dat,2,94
9395 - ls60.dat,1,574
9396 - ls60.dat,1,459
9397 - ls70.dat,1,203
faxle1.dat,7,104
faxle2.dat,2,4
faxle3.dat,2,4
faxle4.dat,2,4
faxle5.dat,2,4
